{
  "id": "pf2e-reaction",
  "title": "PF2e Reaction Checker",
  "description": "Check reaction of combatant",
  "version": "1.2.7",
  "authors": [
    {
      "name": "Reyzor",
      "url": "https://github.com/reyzor1991",
      "discord": "reyzor1991"
    }
  ],
  "languages": [
    {
      "lang": "en",
      "name": "English",
      "path": "lang/en.json",
      "flags": {}
    },
    {
      "lang": "uk",
      "name": "Ukranian",
      "path": "lang/uk.json",
      "flags": {}
    },
    {
      "lang": "cn",
      "name": "简体中文",
      "path": "lang/cn.json",
      "flags": {}
    },
    {
      "lang": "pl",
      "name": "Polski",
      "path": "lang/pl.json",
      "flags": {}
    }
  ],
  "esmodules": [
    "pf2e-reaction.js"
  ],
  "styles": [
    "pf2e-reaction.css"
  ],
  "packs": [
    {
      "label": "Reaction Effects",
      "name": "reaction-effects",
      "path": "packs/reaction-effects.db",
      "system": "pf2e",
      "private": false,
      "type": "Item",
      "flags": {}
    }
  ],
  "media": [
    {
      "type": "setup",
      "caption": "PF2e Reaction Checker",
      "thumbnail": "/modules/pf2e-reaction/reaction.png",
      "loop": false,
      "flags": {}
    }
  ],
  "socket": true,
  "manifest": "https://github.com/reyzor1991/foundry-vtt-pf2e-reaction/releases/latest/download/module.json",
  "download": "https://github.com/reyzor1991/foundry-vtt-pf2e-reaction/releases/latest/download/pf2e-reaction.zip",
  "url": "https://github.com/reyzor1991/foundry-vtt-pf2e-reaction",
  "license": "https://github.com/reyzor1991/foundry-vtt-pf2e-reaction/blob/main/LICENSE",
  "readme": "https://github.com/reyzor1991/foundry-vtt-pf2e-reaction/blob/main/README.md",
  "bugs": "https://github.com/reyzor1991/foundry-vtt-pf2e-reaction/issues",
  "changelog": "https://github.com/reyzor1991/foundry-vtt-pf2e-reaction/blob/main/CHANGELOG.md",
  "compatibility": {
    "minimum": "13.342",
    "verified": "13.345"
  },
  "relationships": {
    "systems": [
      {
        "id": "pf2e",
        "type": "system",
        "manifest": "https://github.com/foundryvtt/pf2e/releases/latest/download/system.json",
        "compatibility": {
          "minimum": "7.0.5",
          "verified": "7.1.1"
        }
      }
    ],
    "requires": [
      {
        "id": "socketlib",
        "type": "module",
        "manifest": "https://raw.githubusercontent.com/manuelVo/foundryvtt-socketlib/master/module.json"
      }
    ]
  }
}
